<?xml version="1.0" encoding="UTF-8"?>
<manifest identifier="BA_CVA_LMS_Course"
          version="1.0"
          xmlns="http://www.imsglobal.org/xsd/imscp_v1p1"
          xmlns:adlcp="http://www.adlnet.org/xsd/adlcp_v1p3"
          xmlns:adlseq="http://www.adlnet.org/xsd/adlseq_v1p3"
          xmlns:adlnav="http://www.adlnet.org/xsd/adlnav_v1p3"
          xmlns:imsss="http://www.imsglobal.org/xsd/imsss"
          xmlns:xsi="http://www.w3.org/2001/XMLSchema-instance"
          xsi:schemaLocation="http://www.imsglobal.org/xsd/imscp_v1p1 imscp_v1p1.xsd
                              http://www.adlnet.org/xsd/adlcp_v1p3 adlcp_v1p3.xsd
                              http://www.adlnet.org/xsd/adlseq_v1p3 adlseq_v1p3.xsd
                              http://www.adlnet.org/xsd/adlnav_v1p3 adlnav_v1p3.xsd
                              http://www.imsglobal.org/xsd/imsss imsss_v1p0.xsd">

    <metadata>
        <schema>ADL SCORM</schema>
        <schemaversion>2004 4th Edition</schemaversion>
        <adlcp:location>metadata.xml</adlcp:location>
    </metadata>

    <organizations default="BA_CVA_ORG">
        <organization identifier="BA_CVA_ORG">
            <title>BA-CVA Capital Framework Training</title>

            <item identifier="MODULE_ROOT" identifierref="RESOURCE_SCO">
                <title>BA-CVA Learning Module</title>

                <imsss:sequencing>
                    <imsss:deliveryControls completionSetByContent="true" objectiveSetByContent="true"/>
                </imsss:sequencing>

                <!-- Module Structure for LMS Navigation Display -->
                <item identifier="MOD_INTRO">
                    <title>1. Introduction</title>
                </item>
                <item identifier="MOD_PROCESS">
                    <title>2. Process Maps</title>
                </item>
                <item identifier="MOD_SCVA">
                    <title>3. SCVA Calculation</title>
                </item>
                <item identifier="MOD_SNH">
                    <title>4. Single Name Hedges</title>
                </item>
                <item identifier="MOD_HMA">
                    <title>5. Hedge Mismatch Adjustment</title>
                </item>
                <item identifier="MOD_IH">
                    <title>6. Index Hedges</title>
                </item>
                <item identifier="MOD_KREDUCED">
                    <title>7. K Reduced</title>
                </item>
                <item identifier="MOD_KHEDGED">
                    <title>8. K Hedged</title>
                </item>
                <item identifier="MOD_KFULL">
                    <title>9. K Full</title>
                </item>
                <item identifier="MOD_PRACTICE">
                    <title>10. Practice Exercise</title>
                </item>
                <item identifier="MOD_ASSESSMENT">
                    <title>11. Knowledge Assessment</title>
                </item>
            </item>
        </organization>
    </organizations>

    <resources>
        <resource identifier="RESOURCE_SCO"
                  type="webcontent"
                  adlcp:scormType="sco"
                  href="index.html">
            <file href="index.html"/>
            <!-- Asset files will be included in the build -->
        </resource>
    </resources>
</manifest>
